{"learner":{"attributes":{"scikit_learn":"{\"_estimator_type\": \"classifier\"}"},"feature_names":["rsi","macd","macd_signal","macd_histogram","bb_upper","bb_middle","bb_lower","bb_bandwidth","bb_percent_b"],"feature_types":["float","float","float","float","float","float","float","float","float"],"gradient_booster":{"model":{"gbtree_model_param":{"num_parallel_tree":"1","num_trees":"10"},"iteration_indptr":[0,1,2,3,4,5,6,7,8,9,10],"tree_info":[0,0,0,0,0,0,0,0,0,0],"trees":[{"base_weights":[6.6176504E-8,5.4056376E-1,-6.984768E-1,1.0630304E0,2.654451E-1,-8.662762E-1,-1.1551101E-2,-3.8031053E-2,1.2497292E-1,3.6475915E-2,-1.04752205E-1,2.9969255E-2,-9.92101E-2,3.140867E-2,-9.5438026E-2],"categories":[],"categories_nodes":[],"categories_segments":[],"categories_sizes":[],"default_left":[0,0,0,0,0,0,0,0,0,0,0,0,0,0,0],"id":0,"left_children":[1,3,5,7,9,11,13,-1,-1,-1,-1,-1,-1,-1,-1],"loss_changes":[3.8466015E1,7.9729443E0,5.1131744E0,5.7238426E0,5.4614697E0,5.535877E0,3.2899208E0,0E0,0E0,0E0,0E0,0E0,0E0,0E0,0E0],"parents":[2147483647,0,0,1,1,2,2,3,3,4,4,5,5,6,6],"right_children":[2,4,6,8,10,12,14,-1,-1,-1,-1,-1,-1,-1,-1],"split_conditions":[5.3663474E-1,3.1180692E-1,7.522795E1,-2.8851888E-1,8.581967E-1,8.425218E1,8.775093E-1,-3.8031053E-2,1.2497292E-1,3.6475915E-2,-1.04752205E-1,2.9969255E-2,-9.92101E-2,3.140867E-2,-9.5438026E-2],"split_indices":[8,8,0,2,1,5,8,0,0,0,0,0,0,0,0],"split_type":[0,0,0,0,0,0,0,0,0,0,0,0,0,0,0],"sum_hessian":[9.98775E1,5.6430786E1,4.3446712E1,1.8477337E1,3.795345E1,3.470743E1,8.739282E0,1.99755E0,1.6479788E1,3.5955902E1,1.99755E0,3.246019E0,3.1461412E1,6.991425E0,1.7478563E0],"tree_param":{"num_deleted":"0","num_feature":"9","num_nodes":"15","size_leaf_vector":"1"}},{"base_weights":[-1.022821E-3,4.8859188E-1,-6.3126814E-1,9.682078E-1,2.3751917E-1,-7.8089887E-1,-1.6953629E-2,-3.5472374E-2,1.1411717E-1,3.298127E-2,-9.7704954E-2,2.7706472E-2,-8.949798E-2,2.8696328E-2,-8.93014E-2],"categories":[],"categories_nodes":[],"categories_segments":[],"categories_sizes":[],"default_left":[0,0,0,0,0,0,0,0,0,0,0,0,0,0,0],"id":1,"left_children":[1,3,5,7,9,11,13,-1,-1,-1,-1,-1,-1,-1,-1],"loss_changes":[3.1384659E1,6.662918E0,4.074177E0,4.8309994E0,4.682528E0,4.5609703E0,2.8473341E0,0E0,0E0,0E0,0E0,0E0,0E0,0E0,0E0],"parents":[2147483647,0,0,1,1,2,2,3,3,4,4,5,5,6,6],"right_children":[2,4,6,8,10,12,14,-1,-1,-1,-1,-1,-1,-1,-1],"split_conditions":[5.3663474E-1,3.1180692E-1,7.522795E1,-2.8851888E-1,8.581967E-1,8.425218E1,8.775093E-1,-3.5472374E-2,1.1411717E-1,3.298127E-2,-9.7704954E-2,2.7706472E-2,-8.949798E-2,2.8696328E-2,-8.93014E-2],"split_indices":[8,8,0,2,1,5,8,0,0,0,0,0,0,0,0],"split_type":[0,0,0,0,0,0,0,0,0,0,0,0,0,0,0],"sum_hessian":[9.9708046E1,5.6241123E1,4.3466927E1,1.8343622E1,3.7897503E1,3.4735184E1,8.731742E0,1.9994881E0,1.6344133E1,3.5898106E1,1.9993973E0,3.241889E0,3.1493296E1,6.982024E0,1.7497175E0],"tree_param":{"num_deleted":"0","num_feature":"9","num_nodes":"15","size_leaf_vector":"1"}},{"base_weights":[-1.912351E-3,4.4262055E-1,-5.7260054E-1,8.867046E-1,2.1256587E-1,-7.067975E-1,-2.1526929E-2,-3.310175E-2,1.0483718E-1,2.9834354E-2,-9.1450825E-2,2.5621409E-2,-8.109452E-2,4.629216E-2,-5.2484192E-2],"categories":[],"categories_nodes":[],"categories_segments":[],"categories_sizes":[],"default_left":[0,0,0,0,0,0,0,0,0,0,0,0,0,0,0],"id":2,"left_children":[1,3,5,7,9,11,13,-1,-1,-1,-1,-1,-1,-1,-1],"loss_changes":[2.56908E1,5.6275635E0,3.263895E0,4.1095304E0,4.0255527E0,3.7809124E0,2.6116986E0,0E0,0E0,0E0,0E0,0E0,0E0,0E0,0E0],"parents":[2147483647,0,0,1,1,2,2,3,3,4,4,5,5,6,6],"right_children":[2,4,6,8,10,12,14,-1,-1,-1,-1,-1,-1,-1,-1],"split_conditions":[5.3663474E-1,3.1180692E-1,7.522795E1,-2.8851888E-1,8.581967E-1,8.425218E1,4.7961175E-2,-3.310175E-2,1.0483718E-1,2.9834354E-2,-9.1450825E-2,2.5621409E-2,-8.109452E-2,4.629216E-2,-5.2484192E-2],"split_indices":[8,8,0,2,1,5,2,0,0,0,0,0,0,0,0],"split_type":[0,0,0,0,0,0,0,0,0,0,0,0,0,0,0],"sum_hessian":[9.926957E1,5.592874E1,4.3340828E1,1.8112026E1,3.7816715E1,3.4626125E1,8.714704E0,1.9999938E0,1.6112032E1,3.582546E1,1.991257E0,3.2367854E0,3.138934E1,4.4814715E0,4.2332315E0],"tree_param":{"num_deleted":"0","num_feature":"9","num_nodes":"15","size_leaf_vector":"1"}},{"base_weights":[-2.1638186E-3,3.6327475E-1,-5.757211E-1,8.1536365E-1,1.6021393E-1,-2.177461E-1,-7.858301E-1,-3.0902056E-2,9.6745186E-2,-2.4042502E-2,3.978088E-2,-7.985761E-2,9.835723E-3,-1.3864949E-2,-1.01147436E-1],"categories":[],"categories_nodes":[],"categories_segments":[],"categories_sizes":[],"default_left":[0,0,0,0,0,0,0,0,0,0,0,0,0,0,0],"id":3,"left_children":[1,3,5,7,9,11,13,-1,-1,-1,-1,-1,-1,-1,-1],"loss_changes":[2.109673E1,5.5137014E0,2.7750463E0,3.5159502E0,4.2527614E0,2.9924438E0,3.4083147E0,0E0,0E0,0E0,0E0,0E0,0E0,0E0,0E0],"parents":[2147483647,0,0,1,1,2,2,3,3,4,4,5,5,6,6],"right_children":[2,4,6,8,10,12,14,-1,-1,-1,-1,-1,-1,-1,-1],"split_conditions":[5.5398875E-1,3.1180692E-1,-1.4067735E-1,-2.8851888E-1,-1.4067735E-1,3.45916E1,6.106801E-1,-3.0902056E-2,9.6745186E-2,-2.4042502E-2,3.978088E-2,-7.985761E-2,9.835723E-3,-1.3864949E-2,-1.01147436E-1],"split_indices":[8,8,3,2,3,0,8,0,0,0,0,0,0,0,0],"split_type":[0,0,0,0,0,0,0,0,0,0,0,0,0,0,0],"sum_hessian":[9.865454E1,6.0484093E1,3.817045E1,1.7812181E1,4.267191E1,1.4870706E1,2.3299742E1,1.9993311E0,1.5812851E1,1.5881007E1,2.6790901E1,4.702921E0,1.0167785E1,6.440864E0,1.6858877E1],"tree_param":{"num_deleted":"0","num_feature":"9","num_nodes":"15","size_leaf_vector":"1"}},{"base_weights":[-2.9059204E-3,3.679424E-1,-4.766848E-1,4.3643495E-1,-7.293152E-1,-5.9992665E-1,2.0459231E-2,-9.721769E-2,4.9477194E-2,-1.01386786E-1,-1.6771065E-2,2.6486743E-2,-6.956419E-2,2.8608084E-2,-7.6426074E-2],"categories":[],"categories_nodes":[],"categories_segments":[],"categories_sizes":[],"default_left":[0,0,0,0,0,0,0,0,0,0,0,0,0,0,0],"id":4,"left_children":[1,3,5,7,9,11,13,-1,-1,-1,-1,-1,-1,-1,-1],"loss_changes":[1.7583002E1,4.5373797E0,2.7042198E0,4.8745594E0,4.168967E-1,3.1013231E0,2.2394881E0,0E0,0E0,0E0,0E0,0E0,0E0,0E0,0E0],"parents":[2147483647,0,0,1,1,2,2,3,3,4,4,5,5,6,6],"right_children":[2,4,6,8,10,12,14,-1,-1,-1,-1,-1,-1,-1,-1],"split_conditions":[5.3663474E-1,1.0254655E0,7.522795E1,-1.0049111E0,9.27869E-1,8.425218E1,8.775093E-1,-9.721769E-2,4.9477194E-2,-1.01386786E-1,-1.6771065E-2,2.6486743E-2,-6.956419E-2,2.8608084E-2,-7.6426074E-2],"split_indices":[8,1,0,1,3,5,8,0,0,0,0,0,0,0,0],"split_type":[0,0,0,0,0,0,0,0,0,0,0,0,0,0,0],"sum_hessian":[9.80757E1,5.5139156E1,4.2936543E1,5.2466373E1,2.6727848E0,3.424137E1,8.695171E0,1.4635067E0,5.100287E1,1.2394682E0,1.4333165E0,3.2360644E0,3.1005308E1,6.9709835E0,1.7241879E0],"tree_param":{"num_deleted":"0","num_feature":"9","num_nodes":"15","size_leaf_vector":"1"}},{"base_weights":[-5.26144E-3,2.76754E-1,-5.296218E-1,7.189349E-1,9.9923976E-2,-2.359329E-1,-8.358601E-1,3.674379E-2,1.3257949E-1,3.6654886E-2,-3.1777646E-2,-9.7867735E-2,3.3042226E-3,-9.719968E-2,2.1177156E-2],"categories":[],"categories_nodes":[],"categories_segments":[],"categories_sizes":[],"default_left":[0,0,0,0,0,0,0,0,0,0,0,0,0,0,0],"id":5,"left_children":[1,3,5,7,9,11,13,-1,-1,-1,-1,-1,-1,-1,-1],"loss_changes":[1.4695944E1,4.9820466E0,2.928399E0,3.416978E0,5.387883E0,3.8547335E0,2.5761385E0,0E0,0E0,0E0,0E0,0E0,0E0,0E0,0E0],"parents":[2147483647,0,0,1,1,2,2,3,3,4,4,5,5,6,6],"right_children":[2,4,6,8,10,12,14,-1,-1,-1,-1,-1,-1,-1,-1],"split_conditions":[5.7783043E-1,3.1180692E-1,1.3930038E-1,9.879697E-2,1.2339127E-1,2.6617245E1,1.0418931E0,3.674379E-2,1.3257949E-1,3.6654886E-2,-3.1777646E-2,-9.7867735E-2,3.3042226E-3,-9.719968E-2,2.1177156E-2],"split_indices":[8,8,1,2,2,0,8,0,0,0,0,0,0,0,0],"split_type":[0,0,0,0,0,0,0,0,0,0,0,0,0,0,0],"sum_hessian":[9.7387856E1,6.363526E1,3.375259E1,1.7302633E1,4.633263E1,1.8133047E1,1.5619542E1,1.1973172E1,5.3294606E0,2.8355389E1,1.7977242E1,4.11936E0,1.4013688E1,1.3887145E1,1.7323977E0],"tree_param":{"num_deleted":"0","num_feature":"9","num_nodes":"15",